posting_date,id,region,price,year,manufacturer,model,condition,cylinders,fuel,odometer,title_status,transmission,VIN,drive,size,type,state,lat,long,odometer_tier,description,tx_avg
2021-04-22T09:15:18-0700,7310881709,bend,41977.0,2020,ford,f-150,excellent,,gas,29320.0,clean,automatic,1FTEW1E55LFA63045,4wd,,pickup,or,44.039006,-121.303704,mid_mi,2020 ford f-150 mid_mi,37500.0
2021-05-03T14:35:28-0700,7316446834,SF bay area,41988.0,2020,ford,f-150,excellent,6 cylinders,gas,29268.0,clean,automatic,1FTEW1E49LFA26877,4wd,mid-size,truck,ca,38.62176,-122.87297,mid_mi,2020 ford f-150 mid_mi,37500.0
2021-04-09T07:21:06-0600,7304097656,santa fe / taos,50590.0,2020,ford,f150 supercrew cab lariat,good,6 cylinders,gas,6588.0,clean,automatic,1FTEW1E40LFA20465,4wd,,pickup,nm,35.67,-105.95,low_mi,2020 ford f150 supercrew cab lariat low_mi,46990.0
2021-04-15T05:01:11-0400,7307077463,williamsport,39990.0,2020,ram,1500 crew cab big horn,good,6 cylinders,gas,6841.0,clean,automatic,1C6RRFFG0LN287052,4wd,,pickup,pa,41.23,-77.03,low_mi,2020 ram 1500 crew cab big horn low_mi,38590.0
2021-05-04T16:40:52-0700,7317018294,spokane / coeur d'alene,48987.0,2020,gmc,sierra 1500 sle,good,,gas,22998.0,clean,other,1GTU9BED5LZ229515,,,pickup,wa,47.713556,-116.91795,low_mi,2020 gmc sierra 1500 sle low_mi,49888.0
2021-04-29T15:36:55-0400,7314475480,south florida,50000.0,2020,ford,f-150 xlt,like new,8 cylinders,gas,16434.0,clean,automatic,1FTEW1E58LFA00196,rwd,full-size,pickup,fl,26.146655,-80.340014,low_mi,2020 ford f-150 xlt low_mi,44575.0
2021-04-16T12:55:06-0400,7307782418,grand rapids,36595.0,2020,ford,f-150,excellent,6 cylinders,gas,37407.0,clean,automatic,1FTFW1E41LFB21311,4wd,full-size,truck,mi,43.057538,-85.954644,mid_mi,2020 ford f-150 mid_mi,37500.0
2021-04-26T16:34:31-0400,7313014789,fort wayne,38498.0,2020,ram,1500,excellent,,gas,15734.0,clean,automatic,1C6RRFFG1LN230584,4wd,,pickup,in,40.573231,-84.184755,low_mi,2020 ram 1500 low_mi,59995.0
2021-05-03T15:21:05-0400,7316368571,atlanta,39990.0,2020,ford,f150 supercrew cab xl,good,,other,2766.0,clean,other,1FTEW1CPXLFC62726,,,pickup,ga,33.7,-84.38,low_mi,2020 ford f150 supercrew cab xl low_mi,40990.0
2021-04-09T05:11:27-0500,7304052600,lafayette,47590.0,2020,ford,f150 supercrew cab lariat,good,6 cylinders,gas,9172.0,clean,other,1FTEW1E45LFA20204,4wd,,pickup,la,30.21,-92.02,low_mi,2020 ford f150 supercrew cab lariat low_mi,46990.0
2021-05-04T09:34:20-0700,7316777323,san diego,46800.0,2020,gmc,sierra 1500,excellent,8 cylinders,gas,8357.0,clean,automatic,1GTU9BED7LZ186635,4wd,mid-size,truck,ca,32.59417,-117.02883,low_mi,2020 gmc sierra 1500 low_mi,46875.0
2021-04-15T10:51:52-0400,7307175979,finger lakes,41990.0,2020,ram,1500 crew cab big horn,good,6 cylinders,gas,8816.0,clean,other,1C6RRFFG1LN105357,4wd,,pickup,ny,42.86,-76.98,low_mi,2020 ram 1500 crew cab big horn low_mi,38590.0
2021-04-19T14:00:30-0600,7309447397,colorado springs,55990.0,2020,gmc,sierra 1500 crew cab slt,good,8 cylinders,gas,8163.0,clean,other,3GTU9DEDXLG324521,4wd,,pickup,co,38.82108,-104.82311,low_mi,2020 gmc sierra 1500 crew cab slt low_mi,46990.0
2021-04-28T05:11:34-0700,7313748980,las vegas,36990.0,2020,toyota,tacoma double cab trd,good,6 cylinders,gas,5246.0,clean,other,3TMCZ5AN3LM319257,4wd,,pickup,nv,36.17,-115.12,low_mi,2020 toyota tacoma double cab trd low_mi,38590.0
2021-04-28T17:29:58-0700,7314131834,fresno / madera,55680.0,2020,gmc,sierra 1500,like new,4 cylinders,gas,5693.0,clean,automatic,3GTP8CET4LG423143,rwd,full-size,pickup,ca,36.6207,-119.7308,low_mi,2020 gmc sierra 1500 low_mi,46875.0
2021-04-23T11:03:59-0700,7311463814,chico,49495.0,2020,ram,1500,excellent,,gas,5835.0,clean,automatic,1C6SRFJT8LN410618,4wd,,pickup,ca,40.57218,-122.368589,low_mi,2020 ram 1500 low_mi,59995.0
2021-04-20T03:50:20-0700,7309701142,fresno / madera,53590.0,2020,gmc,sierra 1500 crew cab slt,good,8 cylinders,gas,8022.0,clean,other,3GTU9DED8LG382465,4wd,,pickup,ca,33.7865,-84.4454,low_mi,2020 gmc sierra 1500 crew cab slt low_mi,46990.0
2021-04-17T16:41:21-0400,7308459668,hartford,42990.0,2020,ford,f150 supercrew cab xl,good,6 cylinders,gas,7973.0,clean,other,1FTEW1CP8LKF32950,,,pickup,ct,41.76,-72.68,low_mi,2020 ford f150 supercrew cab xl low_mi,40990.0
2021-04-05T13:24:21-0400,7302152616,akron / canton,45633.0,2020,ram,1500,excellent,8 cylinders,gas,9553.0,clean,automatic,1C6SRFJT4LN117427,4wd,mid-size,truck,oh,41.24643,-81.35853,low_mi,2020 ram 1500 low_mi,59995.0
2021-04-10T09:04:50-0400,7304611626,danville,46590.0,2020,ford,f150 supercrew cab lariat,good,6 cylinders,gas,12018.0,clean,other,1FTEW1EP9LFC10954,4wd,,pickup,va,36.58,-79.4,low_mi,2020 ford f150 supercrew cab lariat low_mi,46990.0
2021-04-10T11:41:00-0500,7304730598,peoria,46590.0,2020,ford,f150 supercrew cab lariat,good,6 cylinders,gas,12389.0,clean,other,1FTEW1EPXLFC42313,4wd,,pickup,il,40.74,-89.6,low_mi,2020 ford f150 supercrew cab lariat low_mi,46990.0
2021-04-07T04:40:28-0400,7303004995,williamsport,42590.0,2020,ram,1500 crew cab big horn,good,8 cylinders,gas,12450.0,clean,other,1C6SRFFT0LN151177,4wd,,pickup,pa,41.23,-77.03,low_mi,2020 ram 1500 crew cab big horn low_mi,38590.0
2021-04-23T11:03:34-0500,7311383900,ames,56800.0,2020,ram,1500,excellent,8 cylinders,gas,13329.0,clean,automatic,1C6SRFKTXLN148874,4wd,,truck,ia,42.506275,-92.466713,low_mi,2020 ram 1500 low_mi,59995.0
2021-04-17T04:40:23-0600,7308144826,pueblo,49990.0,2020,ford,f150 supercrew cab lariat,good,6 cylinders,gas,9339.0,clean,other,1FTEW1E40LKD21339,4wd,,pickup,co,33.7865,-84.4454,low_mi,2020 ford f150 supercrew cab lariat low_mi,46990.0
2021-04-09T03:50:35-0700,7304057146,ventura county,37990.0,2020,ford,f150 supercrew cab xl,good,,other,10177.0,clean,other,1FTEW1EP7LKD30176,4wd,,pickup,ca,33.7865,-84.4454,low_mi,2020 ford f150 supercrew cab xl low_mi,40990.0
2021-05-04T11:25:33-0400,7316734024,south florida,52000.0,2020,ford,f-150 xlt,like new,6 cylinders,gas,15133.0,clean,automatic,1FTFW1E42LFB56410,4wd,full-size,pickup,fl,26.14679,-80.340078,low_mi,2020 ford f-150 xlt low_mi,44575.0
2021-04-27T19:51:18-0700,7313678734,prescott,42064.0,2020,chevrolet,silverado,like new,8 cylinders,gas,17260.0,clean,automatic,1GCRYDED8LZ138985,4wd,full-size,truck,az,34.586025,-112.318347,low_mi,2020 chevrolet silverado low_mi,48250.0
2021-04-16T09:10:58-0400,7307643264,eastern NC,45089.0,2020,ford,f-150 xlt,good,6 cylinders,gas,24755.0,clean,automatic,1FTEW1E46LFA21488,,,pickup,nc,35.425761,-77.983768,low_mi,2020 ford f-150 xlt low_mi,44575.0
2021-04-17T03:11:05-0700,7308140674,ventura county,38590.0,2020,ford,f150 supercrew cab xl,good,6 cylinders,gas,14444.0,clean,other,1FTEW1E43LKD09234,4wd,,pickup,ca,33.779214,-84.411811,low_mi,2020 ford f150 supercrew cab xl low_mi,40990.0
2021-04-18T14:50:42-0600,7308932406,colorado springs,39590.0,2020,ram,1500 crew cab big horn,good,8 cylinders,gas,17391.0,clean,other,1C6RREFTXLN112525,,,pickup,co,38.82108,-104.82311,low_mi,2020 ram 1500 crew cab big horn low_mi,38590.0
2021-04-18T04:10:30-0700,7308657473,modesto,33990.0,2019,ford,ranger supercrew xlt pickup,good,,other,9257.0,clean,other,1FTER4EH1KLA87572,,,pickup,ca,33.7865,-84.4454,low_mi,2019 ford ranger supercrew xlt pickup low_mi,32990.0
2021-05-04T10:18:56-0700,7316806721,seattle-tacoma,53892.0,2019,chevrolet,silverado 1500,good,8 cylinders,gas,9503.0,clean,automatic,1GCPYFED0KZ405294,4wd,,pickup,wa,47.2002,-121.967,low_mi,2019 chevrolet silverado 1500 low_mi,56995.0
2021-04-10T10:20:58-0700,7304756965,bakersfield,29990.0,2019,ford,ranger supercrew xlt pickup,good,,gas,13628.0,clean,other,1FTER4EH8KLA73636,,,pickup,ca,35.38,-119.02,low_mi,2019 ford ranger supercrew xlt pickup low_mi,32990.0
2021-04-20T10:27:28-0400,7309780804,grand rapids,51945.0,2019,chevrolet,silverado 1500,excellent,8 cylinders,gas,7061.0,clean,automatic,1GCUYHED0KZ249935,4wd,full-size,truck,mi,43.057538,-85.954644,low_mi,2019 chevrolet silverado 1500 low_mi,56995.0
2021-04-18T03:40:13-0700,7308652691,modesto,43590.0,2019,chevrolet,silverado 1500 crew,good,,other,9703.0,clean,other,1GCPWDED5KZ104627,,,pickup,ca,33.779214,-84.411811,low_mi,2019 chevrolet silverado 1500 crew low_mi,39590.0
2021-04-18T13:11:15-0400,7308808615,raleigh / durham / CH,25990.0,2019,nissan,frontier king cab sv,good,,gas,6977.0,clean,other,1N6BD0CT2KN707042,fwd,,pickup,nc,35.82,-78.65,low_mi,2019 nissan frontier king cab sv low_mi,22590.0
2021-05-03T15:01:20-0500,7316392584,tulsa,34990.0,2019,ford,ranger supercrew xlt pickup,good,,gas,9747.0,clean,other,1FTER4EHXKLB21928,,,pickup,ok,36.12,-95.91,low_mi,2019 ford ranger supercrew xlt pickup low_mi,32990.0
2021-05-04T10:17:40-0700,7316805916,seattle-tacoma,58882.0,2019,chevrolet,silverado 1500,good,8 cylinders,gas,10312.0,clean,automatic,3GCUYHEL2KG126368,4wd,,pickup,wa,47.2002,-121.967,low_mi,2019 chevrolet silverado 1500 low_mi,56995.0
2021-04-18T07:21:40-0500,7308672583,milwaukee,36590.0,2019,chevrolet,silverado 1500 ld,good,8 cylinders,gas,10516.0,clean,other,2GCVKPEC0K1156655,4wd,,pickup,wi,43.06,-87.96,low_mi,2019 chevrolet silverado 1500 ld low_mi,34990.0
2021-04-23T12:51:09-0700,7311530605,tucson,28990.0,2019,ram,1500 classic quad cab,good,6 cylinders,other,10566.0,clean,other,1C6RR6FG8KS539825,,,pickup,az,32.21,-110.96,low_mi,2019 ram 1500 classic quad cab low_mi,31990.0
2021-04-09T08:01:02-0500,7304088796,des moines,28995.0,2019,ram,1500 classic,excellent,6 cylinders,gas,7000.0,clean,automatic,3C6JR7DG2KG651730,4wd,full-size,truck,ia,42.018791,-91.632453,low_mi,2019 ram 1500 classic low_mi,33995.0
2021-05-03T06:41:48-0700,7316155377,modesto,24990.0,2019,nissan,frontier king cab sv,good,,gas,14043.0,clean,other,1N6BD0CT2KN701726,fwd,,pickup,ca,33.779214,-84.411811,low_mi,2019 nissan frontier king cab sv low_mi,22590.0
2021-05-04T10:22:23-0700,7316809042,seattle-tacoma,52592.0,2019,chevrolet,silverado 1500,good,8 cylinders,gas,13731.0,clean,automatic,1GCPYFED9KZ405312,4wd,,pickup,wa,47.2002,-121.967,low_mi,2019 chevrolet silverado 1500 low_mi,56995.0
2021-04-18T09:45:17-0400,7308699264,jacksonville,36590.0,2019,chevrolet,silverado 1500 crew,good,8 cylinders,gas,7619.0,clean,other,3GCPWCED5KG232523,,,pickup,fl,30.33,-81.65,low_mi,2019 chevrolet silverado 1500 crew low_mi,39590.0
2021-04-19T09:22:44-0400,7309176684,flint,36997.0,2019,chevrolet,silverado,like new,6 cylinders,gas,14207.0,clean,automatic,3GCPYBEH9KG307540,4wd,full-size,truck,mi,43.0348,-83.5268,low_mi,2019 chevrolet silverado low_mi,46500.0
2021-04-25T10:41:08-0700,7312408783,chico,33590.0,2019,ford,ranger supercrew xlt pickup,good,,gas,7576.0,clean,other,1FTER4EH5KLB14465,,,pickup,ca,39.71,-121.81,low_mi,2019 ford ranger supercrew xlt pickup low_mi,32990.0
2021-04-30T15:30:14-0700,7315066535,fresno / madera,34395.0,2019,ford,f-150,excellent,8 cylinders,gas,15174.0,clean,automatic,1FTMF1C55KKE18879,rwd,,pickup,ca,35.119931,-120.57697,low_mi,2019 ford f-150 low_mi,38500.0
2021-04-29T15:31:26-0500,7314505903,chicago,39990.0,2019,chevrolet,silverado 1500 crew,good,8 cylinders,gas,15352.0,clean,other,3GCPWCED0KG278132,,,pickup,il,41.83,-87.68,low_mi,2019 chevrolet silverado 1500 crew low_mi,39590.0
2021-04-23T04:01:09-0700,7311252378,fresno / madera,36990.0,2019,chevrolet,silverado 1500 ld,good,8 cylinders,gas,15898.0,clean,other,2GCVKPEC8K1207657,4wd,,pickup,ca,33.7865,-84.4454,low_mi,2019 chevrolet silverado 1500 ld low_mi,34990.0
2021-04-23T11:02:24-0500,7311382948,nashville,39590.0,2019,ford,f150 supercrew cab xlt,good,6 cylinders,gas,16010.0,clean,automatic,1FTEW1C44KKD68262,,,pickup,tn,36.17,-86.78,low_mi,2019 ford f150 supercrew cab xlt low_mi,38990.0
2021-04-25T14:11:01-0500,7312460549,nashville,24990.0,2019,nissan,frontier king cab s,good,,gas,6380.0,clean,other,1N6BD0CT1KN870877,fwd,,pickup,tn,36.17,-86.78,low_mi,2019 nissan frontier king cab s low_mi,24590.0
2021-04-18T14:50:31-0400,7308865470,pittsburgh,29590.0,2019,nissan,frontier crew cab sv,good,6 cylinders,gas,16201.0,clean,other,1N6AD0EV2KN878576,4wd,,pickup,pa,40.43,-79.97,low_mi,2019 nissan frontier crew cab sv low_mi,28990.0
2021-04-23T04:11:30-0700,7311254106,reno / tahoe,21990.0,2019,nissan,frontier king cab s,good,,gas,16834.0,clean,other,1N6BD0CT2KN768858,fwd,,pickup,ca,33.7865,-84.4454,low_mi,2019 nissan frontier king cab s low_mi,24590.0
2021-04-13T15:01:00-0700,7306405609,stockton,34394.0,2019,ford,ranger lariat,good,,other,1954.0,clean,automatic,1FTER4EH9KLA24896,rwd,,pickup,ca,37.701135,-121.760168,low_mi,2019 ford ranger lariat low_mi,39777.0
2021-04-07T13:21:11-0700,7303316246,chico,31590.0,2019,ford,ranger supercrew xlt pickup,good,,other,5493.0,clean,other,1FTER4EH7KLA63521,,,pickup,ca,39.71,-121.81,low_mi,2019 ford ranger supercrew xlt pickup low_mi,32990.0
2021-04-27T10:41:52-0400,7313308687,ft myers / SW florida,37990.0,2019,ford,f150 supercrew cab xlt,good,,other,16757.0,clean,other,1FTEW1CP2KFD27468,,,pickup,fl,26.63,-81.85,low_mi,2019 ford f150 supercrew cab xlt low_mi,38990.0
2021-04-27T14:39:01-0700,7313558405,inland empire,34900.0,2019,toyota,tacoma 2wd,excellent,4 cylinders,gas,16464.0,clean,automatic,5TFAX5GN5KX149304,rwd,full-size,truck,ca,33.91885,-117.5585,low_mi,2019 toyota tacoma 2wd low_mi,34995.0
2021-05-01T15:21:06-0400,7315450451,atlanta,38590.0,2019,chevrolet,silverado 1500 crew,good,,other,16557.0,clean,other,3GCPWCEK4KG210527,,,pickup,ga,33.71,-84.53,low_mi,2019 chevrolet silverado 1500 crew low_mi,39590.0
2021-04-07T10:11:16-0400,7303082012,baltimore,30990.0,2019,ford,ranger supercrew xlt pickup,good,,other,4833.0,clean,other,1FTER4EH3KLB22709,,,pickup,md,39.3,-76.61,low_mi,2019 ford ranger supercrew xlt pickup low_mi,32990.0
2021-04-25T14:01:04-0400,7312420201,greenville / upstate,27990.0,2019,nissan,frontier crew cab sv,good,6 cylinders,gas,16642.0,clean,other,1N6AD0ERXKN878618,fwd,,pickup,sc,34.83,-82.37,low_mi,2019 nissan frontier crew cab sv low_mi,28990.0
2021-04-24T04:12:46-0700,7311771878,reno / tahoe,39590.0,2019,chevrolet,silverado 1500 crew,good,6 cylinders,gas,5625.0,clean,other,1GCPWBEH5KZ398991,,,pickup,ca,33.779214,-84.411811,low_mi,2019 chevrolet silverado 1500 crew low_mi,39590.0
2021-04-15T09:26:21-0400,7307130105,western massachusetts,33900.0,2019,ford,f-150,excellent,6 cylinders,gas,18635.0,clean,automatic,1FTMF1EB9KFA49410,4wd,mid-size,truck,ma,42.4759,-73.3773,low_mi,2019 ford f-150 low_mi,38500.0
2021-04-24T04:12:43-0700,7311771861,reno / tahoe,24990.0,2019,nissan,frontier crew cab sv,good,6 cylinders,gas,44934.0,clean,other,1N6DD0ER8KN717455,fwd,,pickup,ca,33.7865,-84.4454,mid_mi,2019 nissan frontier crew cab sv mid_mi,27990.0
2021-04-27T14:32:18-0400,7313452103,detroit metro,45000.0,2019,ford,f-150,excellent,6 cylinders,gas,18926.0,clean,automatic,1FTEW1EP4KKF24825,4wd,mid-size,truck,mi,42.55021,-83.7895,low_mi,2019 ford f-150 low_mi,38500.0
2021-04-26T12:30:18-0700,7312976727,bend,48995.0,2019,ford,f-150,excellent,,gas,9036.0,clean,automatic,1FTFW1E40KFB04465,4wd,,pickup,or,44.039006,-121.303704,low_mi,2019 ford f-150 low_mi,38500.0
2021-04-23T08:00:47-0700,7311344934,tucson,39990.0,2019,gmc,sierra 1500 crew cab sle,good,,other,8930.0,clean,other,1GTP9BEKXKZ352723,4wd,,pickup,az,32.21,-110.96,low_mi,2019 gmc sierra 1500 crew cab sle low_mi,38990.0
2021-05-01T12:41:03-0700,7315461504,sacramento,32990.0,2019,ram,1500 classic quad cab,good,6 cylinders,gas,3991.0,clean,other,1C6RR6FG5KS627926,,,pickup,ca,38.58,-121.49,low_mi,2019 ram 1500 classic quad cab low_mi,31990.0
2021-04-28T12:51:22-0400,7313890306,detroit metro,31990.0,2019,nissan,frontier crew cab sv,good,6 cylinders,gas,4041.0,clean,other,1N6AD0EV9KN794450,4wd,,pickup,mi,42.46,-83.37,low_mi,2019 nissan frontier crew cab sv low_mi,28990.0
2021-05-02T14:31:32-0400,7315853319,atlanta,33990.0,2019,ford,ranger supercrew xlt pickup,good,,gas,4136.0,clean,other,1FTER4EH4KLA96136,,,pickup,ga,33.75,-84.39,low_mi,2019 ford ranger supercrew xlt pickup low_mi,32990.0
2021-04-17T11:30:44-0500,7308295299,huntsville / decatur,40990.0,2019,ford,f150 supercrew cab xlt,good,6 cylinders,gas,13564.0,clean,other,1FTEW1EP0KKE50898,4wd,,pickup,al,34.57,-86.98,low_mi,2019 ford f150 supercrew cab xlt low_mi,38990.0
2021-04-17T13:50:45-0500,7308392741,memphis,32990.0,2019,ford,ranger supercrew xlt pickup,good,,gas,22140.0,clean,other,1FTER4FH9KLA12665,4wd,,pickup,tn,35.1,-90.0,low_mi,2019 ford ranger supercrew xlt pickup low_mi,32990.0
2021-04-25T07:41:30-0600,7312289290,albuquerque,28590.0,2019,ram,1500 classic quad cab,good,6 cylinders,gas,21716.0,clean,other,1C6RR6FG3KS704843,,,pickup,nm,35.11,-106.62,low_mi,2019 ram 1500 classic quad cab low_mi,31990.0
2021-05-04T06:52:00-0700,7316680939,santa maria,39990.0,2019,chevrolet,silverado 1500 crew,good,8 cylinders,diesel,21890.0,clean,other,1GCPWCED7KZ184359,,,pickup,ca,33.779214,-84.411811,low_mi,2019 chevrolet silverado 1500 crew low_mi,39590.0
2021-05-04T06:06:53-0700,7316661303,flagstaff / sedona,28590.0,2019,nissan,frontier crew cab sv,good,,other,21939.0,clean,other,1N6DD0ER1KN760972,fwd,,pickup,az,33.779214,-84.411811,low_mi,2019 nissan frontier crew cab sv low_mi,28990.0
2021-05-03T11:22:43-0700,7316331336,fresno / madera,47500.0,2019,ram,1500,like new,8 cylinders,gas,37850.0,clean,automatic,1C6RREJT7KN858274,rwd,full-size,pickup,ca,36.8149,-119.7106,mid_mi,2019 ram 1500 mid_mi,45990.0
2021-04-28T09:36:54-0400,7313778369,tampa bay area,39900.0,2019,ford,f-150,good,6 cylinders,gas,22200.0,clean,automatic,1FTEW1CP5KKC74353,rwd,full-size,truck,fl,27.98612,-82.27038,low_mi,2019 ford f-150 low_mi,38500.0
2021-05-02T14:31:28-0400,7315853283,atlanta,31590.0,2019,ram,1500 classic quad cab,good,6 cylinders,gas,21088.0,clean,other,1C6RR6GG4KS671060,,,pickup,ga,33.75,-84.39,low_mi,2019 ram 1500 classic quad cab low_mi,31990.0
2021-04-23T12:47:32-0400,7311413473,columbus,43988.0,2019,ram,1500,excellent,,gas,38897.0,clean,automatic,1C6SRFJT3KN643398,4wd,,pickup,oh,39.337094,-82.949176,mid_mi,2019 ram 1500 mid_mi,45990.0
2021-04-15T14:41:28-0400,7307324148,myrtle beach,46990.0,2019,gmc,sierra 1500 crew cab slt,good,8 cylinders,gas,29266.0,clean,other,3GTU9DED4KG242430,4wd,,pickup,sc,33.69,-78.89,mid_mi,2019 gmc sierra 1500 crew cab slt mid_mi,44990.0
2021-04-23T11:20:52-0500,7311395740,"kansas city, MO",34990.0,2019,chevrolet,silverado 1500 ld,good,,other,20925.0,clean,other,2GCVKMEC1K1154461,,,pickup,ks,39.09,-94.58,low_mi,2019 chevrolet silverado 1500 ld low_mi,34990.0
2021-04-26T18:33:29-0700,7313152579,prescott,34588.0,2019,ram,1500,like new,8 cylinders,gas,26979.0,clean,automatic,1C6RR6TT9KS661191,rwd,full-size,truck,az,34.586025,-112.318347,mid_mi,2019 ram 1500 mid_mi,45990.0
2021-04-27T12:41:19-0400,7313381741,syracuse,34590.0,2019,chevrolet,silverado 1500 ld,good,8 cylinders,gas,22722.0,clean,other,2GCVKPEC8K1110037,4wd,,pickup,ny,43.04,-76.14,low_mi,2019 chevrolet silverado 1500 ld low_mi,34990.0
2021-04-13T12:35:06-0700,7306323633,modesto,27995.0,2019,ford,f-150 xl,like new,8 cylinders,gas,20210.0,clean,automatic,1FTMF1C5XKKD93140,,,pickup,ca,37.596846,-120.938695,low_mi,2019 ford f-150 xl low_mi,41888.0
2021-05-03T14:25:22-0400,7316333032,detroit metro,40895.0,2019,chevrolet,silverado 1500,excellent,8 cylinders,gas,22616.0,clean,automatic,1GCUYDED7KZ123922,4wd,mid-size,truck,mi,42.57675,-82.88812,low_mi,2019 chevrolet silverado 1500 low_mi,56995.0
2021-04-17T11:51:01-0400,7308267891,scranton / wilkes-barre,44990.0,2019,chevrolet,silverado 1500 crew,good,8 cylinders,gas,20351.0,clean,other,1GCUWEED0KZ138094,,,pickup,pa,41.4,-75.66,low_mi,2019 chevrolet silverado 1500 crew low_mi,39590.0
2021-04-20T06:54:36-0600,7309733797,fort collins / north CO,44336.0,2019,ford,f-150 xlt,good,,other,31985.0,clean,automatic,1FTEW1EP8KFB03988,4wd,,pickup,co,40.40815,-105.064075,mid_mi,2019 ford f-150 xlt mid_mi,42999.0
2021-04-13T16:55:22-0500,7306402703,madison,60995.0,2019,gmc,sierra 2500hd,good,8 cylinders,diesel,50715.0,clean,automatic,1GT12REYXKF125170,4wd,full-size,truck,wi,42.970214,-90.112347,mid_to_high_mi,2019 gmc sierra 2500hd mid_to_high_mi,69900.0
2021-04-09T11:21:06-0400,7304165039,knoxville,37990.0,2019,chevrolet,silverado 1500 crew,good,,other,22247.0,clean,other,3GCPWCED0KG209344,,,pickup,tn,35.97,-83.94,low_mi,2019 chevrolet silverado 1500 crew low_mi,39590.0
2021-04-16T10:00:59-0500,7307704203,clarksville,32000.0,2019,ram,1500 classic,excellent,,gas,20077.0,clean,automatic,1C6RR6TTXKS721981,rwd,,pickup,tn,36.302267,-86.636868,low_mi,2019 ram 1500 classic low_mi,33995.0
2021-04-23T20:48:25-0500,7311694206,nashville,29900.0,2019,ford,f-150,like new,8 cylinders,gas,23004.0,clean,automatic,1FTMF1C59KKD08613,rwd,full-size,truck,tn,36.4641,-86.65828,low_mi,2019 ford f-150 low_mi,38500.0
2021-04-09T10:31:41-0500,7304171835,sheboygan,37497.0,2019,ram,1500,excellent,8 cylinders,gas,39320.0,clean,automatic,1C6SRFFTXKN571009,4wd,mid-size,truck,wi,44.07818,-87.6968,mid_mi,2019 ram 1500 mid_mi,45990.0
2021-05-02T07:11:28-0700,7315726866,phoenix,39590.0,2019,chevrolet,silverado 1500 ld,good,8 cylinders,gas,23488.0,clean,other,2GCVKPEC2K1203961,4wd,,pickup,az,33.5,-112.05,low_mi,2019 chevrolet silverado 1500 ld low_mi,34990.0
2021-05-02T08:41:28-0700,7315765867,los angeles,25990.0,2019,nissan,frontier crew cab sv,good,6 cylinders,other,36493.0,clean,other,1N6AD0ER1KN760604,fwd,,pickup,ca,33.88,-118.4,mid_mi,2019 nissan frontier crew cab sv mid_mi,27990.0
2021-04-16T09:15:18-0700,7307754160,bakersfield,66995.0,2019,ford,super duty f-250 srw,excellent,8 cylinders,diesel,53692.0,clean,automatic,1FT7W2BT7KEG05655,4wd,,pickup,ca,35.119931,-120.57697,mid_to_high_mi,2019 ford super duty f-250 srw mid_to_high_mi,41788.0
2021-04-19T08:00:28-0700,7309235671,bend,37999.0,2019,ford,f-150 xlt,like new,6 cylinders,gas,25907.0,clean,automatic,1FTEW1EP5KKD77771,4wd,full-size,truck,or,44.259291,-121.179693,mid_mi,2019 ford f-150 xlt mid_mi,42999.0
2021-04-23T06:40:52-0500,7311259508,baton rouge,34590.0,2019,toyota,tacoma double cab sr5,good,6 cylinders,gas,35680.0,clean,other,5TFCZ5AN4KX176828,4wd,,pickup,la,30.44,-91.12,mid_mi,2019 toyota tacoma double cab sr5 mid_mi,33590.0
2021-04-10T15:32:06-0700,7304935512,bakersfield,33950.0,2019,ford,f-150 xl,excellent,6 cylinders,gas,28158.0,clean,automatic,1FTEX1EP8KKF06969,4wd,,truck,ca,34.076749,-117.89112,mid_mi,2019 ford f-150 xl mid_mi,41988.0
2021-04-29T19:08:29-0700,7314648509,prescott,31886.0,2019,ram,1500,like new,8 cylinders,gas,35327.0,clean,automatic,1C6RR6TT5KS716283,rwd,full-size,truck,az,34.586025,-112.318347,mid_mi,2019 ram 1500 mid_mi,45990.0
2021-05-01T02:00:20-0400,7315190092,long island,54900.0,2019,ram,1500,excellent,,gas,29975.0,clean,automatic,1C6SRFHT3KN512171,4wd,,pickup,ny,40.668604,-73.4094,mid_mi,2019 ram 1500 mid_mi,45990.0
2021-04-29T13:30:38-0500,7314437272,madison,40995.0,2019,ram,1500,good,8 cylinders,gas,30694.0,clean,automatic,1C6SRFFT9KN585290,4wd,full-size,truck,wi,42.970214,-90.112347,mid_mi,2019 ram 1500 mid_mi,45990.0
2021-04-28T22:33:38-0700,7314203780,prescott,25999.0,2019,nissan,frontier,like new,6 cylinders,gas,35343.0,clean,automatic,1N6AD0EV8KN794570,4wd,mid-size,truck,az,34.586025,-112.318347,mid_mi,2019 nissan frontier mid_mi,16999.0
2021-04-14T11:02:18-0500,7306702489,green bay,39990.0,2018,ford,f-150,excellent,6 cylinders,gas,37126.0,clean,automatic,1FTEW1EG8JFB53191,4wd,full-size,pickup,wi,44.7851,-88.6036,mid_mi,2018 ford f-150 mid_mi,33750.0
2021-04-21T13:25:23-0400,7310418972,western massachusetts,54900.0,2018,ford,f-150,excellent,6 cylinders,gas,37211.0,clean,automatic,1FTEW1EG1JFB48172,4wd,mid-size,truck,ma,42.4759,-73.3773,mid_mi,2018 ford f-150 mid_mi,33750.0
2021-04-17T11:02:27-0700,7308359456,bend,38999.0,2018,ford,f-150,excellent,6 cylinders,gas,42330.0,clean,automatic,1FTEW1EG6JFA09784,4wd,full-size,truck,or,44.259056,-121.180015,mid_mi,2018 ford f-150 mid_mi,33750.0
2021-04-15T15:54:27-0500,7307403786,madison,37994.0,2018,ford,f-150,like new,6 cylinders,gas,35259.0,clean,automatic,1FTEW1EP6JFE05049,4wd,full-size,truck,wi,42.822728,-89.631271,mid_mi,2018 ford f-150 mid_mi,33750.0
2021-04-18T14:55:22-0500,7308902896,texarkana,38990.0,2018,ford,f-150,like new,6 cylinders,gas,43200.0,clean,automatic,1FTEW1CG8JKF02148,rwd,full-size,truck,ar,33.428447,-94.040163,mid_mi,2018 ford f-150 mid_mi,33750.0
2021-04-20T13:28:38-0400,7309902258,western massachusetts,43900.0,2018,ford,f-150,excellent,6 cylinders,gas,44304.0,clean,automatic,1FTFW1EG5JFC95843,4wd,mid-size,truck,ma,42.4759,-73.3773,mid_mi,2018 ford f-150 mid_mi,33750.0
2021-04-26T13:29:05-0400,7312897968,albany,44900.0,2018,ford,f-150,excellent,6 cylinders,gas,32907.0,clean,automatic,1FTEW1EP6JFC07975,4wd,mid-size,truck,ny,42.4759,-73.3773,mid_mi,2018 ford f-150 mid_mi,33750.0
2021-05-04T07:51:37-0700,7316713699,los angeles,33990.0,2018,ford,f150 supercrew cab xlt,good,,other,32188.0,clean,other,1FTEW1CP4JKD08538,,,pickup,ca,34.61,-118.27,mid_mi,2018 ford f150 supercrew cab xlt mid_mi,30990.0
2021-04-29T21:31:05-0400,7314637972,atlanta,32990.0,2018,chevrolet,silverado 1500 double,good,8 cylinders,gas,37844.0,clean,other,1GCRCREC1JZ282717,,,pickup,ga,33.75,-84.39,mid_mi,2018 chevrolet silverado 1500 double mid_mi,32590.0
2021-05-01T15:40:53-0700,7315548628,sacramento,31590.0,2018,chevrolet,silverado 1500 double,good,8 cylinders,gas,38253.0,clean,other,1GCRCPEC6JZ205233,,,pickup,ca,38.58,-121.49,mid_mi,2018 chevrolet silverado 1500 double mid_mi,32590.0
2021-04-23T11:29:28-0400,7311362635,albany,49900.0,2018,ford,f-150,excellent,6 cylinders,gas,37903.0,clean,automatic,1FTFW1EG3JKF97509,4wd,mid-size,truck,ny,42.4759,-73.3773,mid_mi,2018 ford f-150 mid_mi,33750.0
2021-05-04T13:32:32-0400,7316815727,detroit metro,36000.0,2018,ford,f-150,excellent,6 cylinders,gas,38212.0,clean,automatic,1FTEW1EP5JFD42283,4wd,mid-size,truck,mi,42.55021,-83.7895,mid_mi,2018 ford f-150 mid_mi,33750.0
2021-04-22T10:31:30-0400,7310819205,greensboro,38990.0,2018,ford,f150 supercrew cab xlt,good,6 cylinders,gas,36881.0,clean,automatic,1FTEW1EG7JFB24488,4wd,,pickup,nc,36.07,-79.82,mid_mi,2018 ford f150 supercrew cab xlt mid_mi,30990.0
2021-04-12T13:57:45-0700,7305855482,stockton,36999.0,2018,ford,f-150,excellent,6 cylinders,gas,61959.0,clean,automatic,1FTEW1EG4JKC28136,4wd,full-size,pickup,ca,38.608933,-121.430188,high_mi,2018 ford f-150 high_mi,38900.0
2021-04-24T09:51:18-0500,7311848519,champaign urbana,38590.0,2018,ford,f150 supercrew cab xlt,good,6 cylinders,gas,28033.0,clean,other,1FTEW1CPXJFA05532,,,pickup,il,40.11,-88.26,mid_mi,2018 ford f150 supercrew cab xlt mid_mi,30990.0
2021-05-03T18:23:53-0500,7316498836,chicago,39988.0,2018,ford,f-150,excellent,8 cylinders,gas,61860.0,clean,automatic,1FTEW1E50JFC25032,4wd,full-size,truck,il,41.96089,-87.711894,high_mi,2018 ford f-150 high_mi,38900.0
2021-04-09T16:18:23-0400,7304354712,scranton / wilkes-barre,41995.0,2018,ram,1500,good,8 cylinders,gas,28098.0,clean,automatic,1C6RR7NT6JS208907,4wd,,truck,pa,41.381951,-75.685531,mid_mi,2018 ram 1500 mid_mi,35000.0
2021-04-17T04:00:30-0700,7308147966,stockton,46590.0,2018,gmc,sierra 1500 crew cab slt,good,8 cylinders,gas,20251.0,clean,other,3GTU2NECXJG609153,4wd,,pickup,ca,33.779214,-84.411811,low_mi,2018 gmc sierra 1500 crew cab slt low_mi,44590.0
2021-04-28T12:24:47-0500,7313911974,wichita,32990.0,2018,ford,f-150,good,6 cylinders,gas,28517.0,clean,automatic,1FTEW1E58JKF39969,,full-size,truck,ks,37.69318,-97.32853,mid_mi,2018 ford f-150 mid_mi,33750.0
2021-04-26T11:45:09-0700,7312948312,bend,48995.0,2018,ford,f-150,excellent,,gas,68269.0,clean,automatic,1FTEW1EGXJFA44845,4wd,,pickup,or,44.039006,-121.303704,high_mi,2018 ford f-150 high_mi,38900.0
2021-04-19T15:30:17-0700,7309534061,bend,33995.0,2018,ford,f-150,excellent,,gas,68438.0,clean,automatic,1FTFW1E53JKE52095,4wd,,pickup,or,44.039006,-121.303704,high_mi,2018 ford f-150 high_mi,38900.0
2021-04-29T10:51:17-0700,7314414133,san luis obispo,39995.0,2018,ram,1500,good,8 cylinders,gas,28493.0,clean,automatic,1C6RR7LT1JS238657,4wd,full-size,truck,ca,35.482265,-120.660756,mid_mi,2018 ram 1500 mid_mi,35000.0
2021-04-07T09:17:38-0500,7303085535,st cloud,41995.0,2018,ford,f-150,excellent,6 cylinders,gas,60107.0,clean,automatic,1FTEW1EG4JFA31962,4wd,full-size,pickup,mn,45.833119,-95.387931,high_mi,2018 ford f-150 high_mi,38900.0
2021-04-24T03:35:23-0700,7311766791,stockton,37990.0,2018,chevrolet,silverado 1500 crew,good,,other,31408.0,clean,other,3GCUKRECXJG599201,4wd,,pickup,ca,33.779214,-84.411811,mid_mi,2018 chevrolet silverado 1500 crew mid_mi,33990.0
2021-05-04T13:33:22-0400,7316816255,albany,44900.0,2018,ford,f-150,excellent,6 cylinders,gas,31391.0,clean,automatic,1FTFW1EG4JFE33940,4wd,mid-size,truck,ny,42.4759,-73.3773,mid_mi,2018 ford f-150 mid_mi,33750.0
2021-04-23T12:30:15-0400,7311402143,cincinnati,38998.0,2018,ford,f-150,excellent,,gas,36842.0,clean,automatic,1FTEW1EP7JFB15662,4wd,,pickup,oh,40.57628,-84.1798,mid_mi,2018 ford f-150 mid_mi,33750.0
2021-04-20T14:33:00-0400,7309945964,ft myers / SW florida,43900.0,2018,ford,f-150,excellent,6 cylinders,gas,29882.0,clean,automatic,1FTEW1EG0JFE59110,4wd,mid-size,truck,fl,26.14679,-81.76667,mid_mi,2018 ford f-150 mid_mi,33750.0
2021-04-17T17:15:30-0700,7308555896,santa maria,38995.0,2018,ford,f-150,excellent,6 cylinders,gas,61041.0,clean,automatic,1FTEW1EBXJKC27402,4wd,,pickup,ca,35.119931,-120.57697,high_mi,2018 ford f-150 high_mi,38900.0
2021-04-28T09:36:52-0400,7313778350,tampa bay area,35900.0,2018,ford,f-150,good,6 cylinders,gas,74089.0,clean,automatic,1FTEW1EP5JKC88278,4wd,full-size,truck,fl,27.98612,-82.27038,high_mi,2018 ford f-150 high_mi,38900.0
2021-04-26T04:11:04-0700,7312707102,modesto,39590.0,2018,chevrolet,silverado 1500 crew,good,8 cylinders,gas,31325.0,clean,other,3GCPCREC8JG644646,,,pickup,ca,33.779214,-84.411811,mid_mi,2018 chevrolet silverado 1500 crew mid_mi,33990.0
2021-04-07T06:41:12-0700,7303065968,santa barbara,33990.0,2018,ford,f150 super cab lariat,good,6 cylinders,other,26732.0,clean,other,1FTEX1EPXJFB66473,4wd,,pickup,ca,33.7865,-84.4454,mid_mi,2018 ford f150 super cab lariat mid_mi,33590.0
2021-05-01T13:04:04-0500,7315405373,des moines,35995.0,2018,chevrolet,silverado 1500,excellent,8 cylinders,gas,74636.0,clean,automatic,3GCUKSEC2JG617178,4wd,,truck,ia,41.600223,-93.69852,high_mi,2018 chevrolet silverado 1500 high_mi,39990.0
2021-04-22T11:12:41-0500,7310879878,nashville,27775.0,2018,chevrolet,silverado 1500,good,8 cylinders,gas,70714.0,clean,automatic,3GCPCPEC7JG370733,rwd,full-size,truck,tn,36.150429,-86.701409,high_mi,2018 chevrolet silverado 1500 high_mi,39990.0
2021-05-04T10:34:12-0400,7316703922,atlanta,34995.0,2018,ford,f-150,excellent,8 cylinders,gas,66029.0,clean,automatic,1FTEW1E58JFC55508,4wd,full-size,truck,ga,33.5242,-84.359,high_mi,2018 ford f-150 high_mi,38900.0
2021-04-15T12:11:03-0400,7307225877,knoxville,35590.0,2018,gmc,sierra 1500 double cab sle,good,6 cylinders,gas,22299.0,clean,automatic,1GTV2MEH3JZ364674,4wd,,pickup,tn,35.97,-83.94,low_mi,2018 gmc sierra 1500 double cab sle low_mi,35590.0
2021-04-19T16:41:23-0400,7309473586,rochester,38567.0,2018,ford,f-150,excellent,6 cylinders,gas,67100.0,clean,automatic,1FTEW1EG0JFA12504,4wd,full-size,truck,ny,43.002421,-77.667238,high_mi,2018 ford f-150 high_mi,38900.0
2021-05-01T09:22:10-0400,7315249769,kokomo,38590.0,2018,ford,f150 supercrew cab xlt,good,6 cylinders,gas,25585.0,clean,other,1FTEW1EP6JFA14676,4wd,,pickup,in,40.47,-86.13,mid_mi,2018 ford f150 supercrew cab xlt mid_mi,30990.0
2021-04-07T09:30:44-0400,7303061086,western massachusetts,56900.0,2018,ford,f-150,excellent,6 cylinders,gas,25541.0,clean,automatic,1FTEW1EGXJFC37710,4wd,mid-size,truck,ma,42.4759,-73.3773,mid_mi,2018 ford f-150 mid_mi,33750.0
2021-04-23T09:28:25-0400,7311294173,western massachusetts,56900.0,2018,ford,f-150,excellent,6 cylinders,gas,36571.0,clean,automatic,1FTFW1EGXJFB60941,4wd,mid-size,truck,ma,42.4759,-73.3773,mid_mi,2018 ford f-150 mid_mi,33750.0
2021-04-24T16:01:13-0700,7312128943,reno / tahoe,33995.0,2018,ram,1500,excellent,8 cylinders,gas,35995.0,clean,automatic,1C6RR7FTXJS122837,4wd,full-size,pickup,ca,39.517781,-119.773093,mid_mi,2018 ram 1500 mid_mi,35000.0
2021-05-01T13:41:31-0400,7315391509,atlanta,36990.0,2018,gmc,sierra 1500 double cab sle,good,8 cylinders,gas,23424.0,clean,other,2GTV2MECXJ1106083,4wd,,pickup,ga,33.76,-84.33,low_mi,2018 gmc sierra 1500 double cab sle low_mi,35590.0
2021-04-17T10:15:46-0400,7308214239,maine,36500.0,2018,ford,f-150,excellent,,gas,65861.0,clean,automatic,1FTEW1EG4JKE62907,4wd,,pickup,me,44.104246,-70.086285,high_mi,2018 ford f-150 high_mi,38900.0
2021-05-04T10:27:06-0400,7316700127,scranton / wilkes-barre,36995.0,2018,chevrolet,silverado 1500,good,8 cylinders,gas,69521.0,clean,automatic,3GCUKREC6JG172503,4wd,,truck,pa,41.381951,-75.685531,high_mi,2018 chevrolet silverado 1500 high_mi,39990.0
2021-04-26T10:11:01-0400,7312769401,louisville,36990.0,2018,chevrolet,colorado crew cab z71,good,6 cylinders,gas,17466.0,clean,other,1GCGTDEN8J1212819,4wd,,pickup,ky,38.22,-85.74,low_mi,2018 chevrolet colorado crew cab z71 low_mi,31990.0
2021-04-07T15:01:13-0500,7303304505,tulsa,31990.0,2018,nissan,titan crew cab sv pickup,good,,other,19246.0,clean,other,1N6AA1EK9JN526713,,,pickup,ok,36.12,-95.91,low_mi,2018 nissan titan crew cab sv pickup low_mi,32990.0
2021-04-24T07:24:11-0500,7311787359,evansville,33990.0,2018,gmc,sierra 1500 double cab sle,good,6 cylinders,gas,24299.0,clean,other,1GTV2MEHXJZ346690,4wd,,pickup,in,37.98,-87.54,low_mi,2018 gmc sierra 1500 double cab sle low_mi,35590.0
2021-04-10T10:51:09-0400,7304661812,albany,28990.0,2017,chevrolet,colorado crew cab lt,good,6 cylinders,gas,26288.0,clean,other,1GCGSCENXH1236904,,,pickup,ga,31.57,-84.17,mid_mi,2017 chevrolet colorado crew cab lt mid_mi,29990.0
2021-05-02T06:25:18-0700,7315709522,los angeles,29990.0,2017,nissan,titan crew cab sv pickup,good,8 cylinders,gas,35045.0,clean,automatic,1N6AA1EK5HN535273,,,pickup,ca,34.61,-118.27,mid_mi,2017 nissan titan crew cab sv pickup mid_mi,26990.0
2021-04-20T13:07:10-0400,7309887432,daytona beach,25999.0,2017,ford,f-150,excellent,,gas,38374.0,clean,automatic,1FTEX1C88HKE14457,rwd,full-size,truck,fl,28.466088,-81.396429,mid_mi,2017 ford f-150 mid_mi,35990.0
2021-04-28T09:38:32-0400,7313779135,tampa bay area,35900.0,2017,ford,f-150,good,8 cylinders,gas,44200.0,clean,automatic,1FTEW1CF6HFA94372,rwd,full-size,truck,fl,27.98612,-82.27038,mid_mi,2017 ford f-150 mid_mi,35990.0
2021-04-04T18:01:30-0500,7301843551,birmingham,40000.0,2017,ford,f-150,like new,6 cylinders,gas,44000.0,clean,automatic,1FTEW1CG4HFB04535,rwd,full-size,truck,al,33.5815,-85.8328,mid_mi,2017 ford f-150 mid_mi,35990.0
2021-04-07T12:29:32-0400,7303169511,sandusky,32997.0,2017,ford,f-150,excellent,6 cylinders,gas,41908.0,clean,automatic,1FTEW1EG2HFC38893,4wd,full-size,truck,oh,41.27226,-82.825551,mid_mi,2017 ford f-150 mid_mi,35990.0
2021-04-28T09:36:53-0400,7313778360,tampa bay area,35900.0,2017,ford,f-150,good,6 cylinders,gas,43104.0,clean,automatic,1FTEW1CP2HFA51317,rwd,full-size,truck,fl,27.98612,-82.27038,mid_mi,2017 ford f-150 mid_mi,35990.0
2021-04-09T16:01:45-0500,7304379306,appleton-oshkosh-FDL,33078.0,2017,ford,f-150,excellent,,gas,38186.0,clean,automatic,1FTEW1EF4HFC39597,4wd,,pickup,wi,43.790599,-88.446483,mid_mi,2017 ford f-150 mid_mi,35990.0
2021-05-01T09:04:39-0500,7315267551,dubuque,29995.0,2017,ford,f-150,excellent,8 cylinders,gas,44426.0,clean,automatic,1FTFX1EF7HKC40168,4wd,full-size,pickup,ia,42.302496,-91.019112,mid_mi,2017 ford f-150 mid_mi,35990.0
2021-04-21T09:43:17-0700,7310391659,bend,32995.0,2017,ram,1500,excellent,8 cylinders,gas,63888.0,clean,automatic,1C6RR7FTXHS623673,4wd,,truck,or,45.379929,-122.583757,high_mi,2017 ram 1500 high_mi,33995.0
2021-04-19T16:37:46-0400,7309471415,rochester,26630.0,2017,ram,1500,excellent,8 cylinders,gas,71200.0,clean,automatic,1C6RR7FT6HS523070,4wd,full-size,truck,ny,43.002421,-77.667238,high_mi,2017 ram 1500 high_mi,33995.0
2021-04-20T11:17:59-0700,7309935972,reno / tahoe,35500.0,2017,toyota,tundra,like new,8 cylinders,gas,74400.0,clean,automatic,5TFUW5F10HX621609,4wd,full-size,truck,ca,39.50057,-119.797325,high_mi,2017 toyota tundra high_mi,37995.0
2021-04-24T16:03:11-0700,7312129822,reno / tahoe,31995.0,2017,ram,1500,excellent,8 cylinders,gas,65783.0,clean,automatic,1C6RR7FT9HS839255,4wd,full-size,pickup,ca,39.517781,-119.773093,high_mi,2017 ram 1500 high_mi,33995.0
2021-04-26T15:23:30-0400,7312972365,saginaw-midland-baycity,35850.0,2017,ford,f-150,excellent,6 cylinders,gas,36200.0,clean,automatic,1FTFW1EG5HFB69945,4wd,full-size,truck,mi,43.341,-83.7475,mid_mi,2017 ford f-150 mid_mi,35990.0
2021-04-28T09:37:01-0400,7313778406,tampa bay area,36900.0,2017,ford,f-150,good,6 cylinders,gas,36361.0,clean,automatic,1FTEW1CP2HFC50108,rwd,full-size,truck,fl,27.98612,-82.27038,mid_mi,2017 ford f-150 mid_mi,35990.0
2021-04-30T11:33:29-0500,7314862174,waterloo / cedar falls,36400.0,2017,toyota,tundra,excellent,8 cylinders,other,69546.0,clean,automatic,5TFUW5F13HX599959,4wd,,truck,ia,42.506275,-92.466713,high_mi,2017 toyota tundra high_mi,37995.0
2021-04-27T10:42:07-0400,7313308842,rochester,36782.0,2016,gmc,sierra 1500,excellent,8 cylinders,gas,52300.0,clean,automatic,3GTU2NEC8GG257070,4wd,full-size,truck,ny,43.002421,-77.667238,mid_to_high_mi,2016 gmc sierra 1500 mid_to_high_mi,40990.0
2021-04-24T16:04:14-0700,7312130303,reno / tahoe,31995.0,2016,ram,1500,excellent,8 cylinders,gas,45667.0,clean,automatic,1C6RR7FT4GS244179,4wd,full-size,pickup,ca,39.517781,-119.773093,mid_to_high_mi,2016 ram 1500 mid_to_high_mi,19999.0
2021-04-20T10:35:28-0500,7309824276,sheboygan,32650.0,2016,gmc,sierra 1500,excellent,8 cylinders,gas,54288.0,clean,automatic,1GTV2MEC2GZ324275,4wd,mid-size,truck,wi,44.07818,-87.6968,mid_to_high_mi,2016 gmc sierra 1500 mid_to_high_mi,40990.0
2021-04-24T16:00:26-0700,7312128596,reno / tahoe,32995.0,2016,ram,1500,excellent,8 cylinders,gas,53510.0,clean,automatic,1C6RR7FT7GS108435,4wd,full-size,pickup,ca,39.517781,-119.773093,mid_to_high_mi,2016 ram 1500 mid_to_high_mi,19999.0
2021-04-17T15:00:36-0500,7308435887,columbia / jeff city,33990.0,2016,chevrolet,silverado 1500 double,good,8 cylinders,gas,46649.0,clean,other,1GCVKREC5GZ322730,4wd,,pickup,mo,38.95,-92.32,mid_to_high_mi,2016 chevrolet silverado 1500 double mid_to_high_mi,30990.0
2021-04-30T14:40:40-0500,7314976200,omaha / council bluffs,24915.0,2016,nissan,frontier,good,6 cylinders,gas,34816.0,clean,automatic,1N6AD0CW4GN766431,4wd,mid-size,truck,ia,40.9992,-95.9139,mid_mi,2016 nissan frontier mid_mi,18995.0
2021-04-17T14:00:35-0400,7308358115,pittsburgh,32990.0,2016,chevrolet,silverado 1500 double,good,8 cylinders,other,55069.0,clean,other,1GCVKRECXGZ250021,4wd,,pickup,pa,40.43,-79.97,mid_to_high_mi,2016 chevrolet silverado 1500 double mid_to_high_mi,30990.0
2021-04-24T14:21:00-0400,7311980340,buffalo,33990.0,2016,gmc,sierra 1500 double cab sle,good,8 cylinders,gas,33408.0,clean,other,1GTV2MEC1GZ365125,4wd,,pickup,ny,42.88,-78.85,mid_mi,2016 gmc sierra 1500 double cab sle mid_mi,30990.0
2021-04-30T13:02:13-0400,7314879917,new york city,34995.0,2016,ram,1500,excellent,,gas,48899.0,clean,automatic,1C6RR7YT0GS194197,,,pickup,ny,40.834225,-73.338792,mid_to_high_mi,2016 ram 1500 mid_to_high_mi,19999.0
2021-04-24T16:00:49-0700,7312128755,reno / tahoe,24995.0,2016,ram,1500,excellent,8 cylinders,gas,48000.0,clean,automatic,3C6JR6AT9GG318251,rwd,full-size,pickup,ca,39.517781,-119.773093,mid_to_high_mi,2016 ram 1500 mid_to_high_mi,19999.0
2021-04-17T15:20:52-0500,7308447939,columbia / jeff city,31990.0,2016,chevrolet,silverado 1500 double,good,,other,55795.0,clean,automatic,1GCVKREC8GZ296897,4wd,,pickup,mo,38.95,-92.32,mid_to_high_mi,2016 chevrolet silverado 1500 double mid_to_high_mi,30990.0
2021-04-27T09:15:40-0400,7313266106,new hampshire,33999.0,2016,chevrolet,silverado 1500,excellent,,gas,60834.0,clean,automatic,1GCVKSEC7GZ375839,,,pickup,nh,42.833518,-71.107205,high_mi,2016 chevrolet silverado 1500 high_mi,39995.0
2021-04-29T11:31:44-0400,7314330032,boston,32999.0,2016,ford,f150 supercrew cab xlt,like new,8 cylinders,gas,63000.0,clean,automatic,1FTEW1EF8GFB59699,4wd,full-size,truck,ma,42.1736,-71.0514,high_mi,2016 ford f150 supercrew cab xlt high_mi,28990.0
2021-05-02T15:04:18-0500,7315900826,des moines,21995.0,2016,chevrolet,silverado 1500,excellent,8 cylinders,gas,62546.0,clean,automatic,1GCVKNECXGZ373004,4wd,,truck,ia,41.600223,-93.69852,high_mi,2016 chevrolet silverado 1500 high_mi,39995.0
2021-04-13T16:55:22-0500,7306402697,madison,39995.0,2016,chevrolet,silverado 1500,good,8 cylinders,gas,68434.0,clean,automatic,3GCUKTEC6GG207742,4wd,full-size,truck,wi,42.970214,-90.112347,high_mi,2016 chevrolet silverado 1500 high_mi,39995.0
2021-04-08T13:46:25-0500,7303782017,appleton-oshkosh-FDL,27995.0,2016,toyota,tundra,excellent,,gas,65088.0,clean,automatic,5TFEW5F18GX195686,,,pickup,wi,44.228044,-88.423356,high_mi,2016 toyota tundra high_mi,24000.0
2021-04-16T22:28:14-0500,7308092105,green bay,41990.0,2016,chevrolet,silverado 2500hd,good,8 cylinders,gas,64101.0,clean,automatic,1GC1KVEG8GF202285,4wd,full-size,truck,wi,44.465754,-88.106358,high_mi,2016 chevrolet silverado 2500hd high_mi,56900.0
2021-04-27T06:29:26-0500,7313236780,shreveport,41000.0,2016,chevrolet,silverado 1500,excellent,8 cylinders,gas,68604.0,clean,automatic,3GCUKSEC9GG265726,4wd,full-size,pickup,la,32.34,-93.595,high_mi,2016 chevrolet silverado 1500 high_mi,39995.0
2021-04-23T14:39:01-0400,7311486730,vermont,30989.0,2015,ram,2500,good,8 cylinders,gas,53846.0,clean,automatic,3C6UR5CJ0FG658972,4wd,full-size,truck,vt,44.9502,-72.1376,mid_to_high_mi,2015 ram 2500 mid_to_high_mi,53850.0
2021-04-29T11:45:34-0600,7314410733,boise,48995.0,2015,ram,2500,excellent,6 cylinders,diesel,57397.0,clean,automatic,3C6UR5CL2FG695328,4wd,full-size,pickup,id,43.862345,-116.499187,mid_to_high_mi,2015 ram 2500 mid_to_high_mi,53850.0
2021-04-28T11:03:36-0500,7313859378,ames,41900.0,2015,ram,2500,excellent,6 cylinders,diesel,57360.0,clean,automatic,3C6UR5CL6FG708985,4wd,,truck,ia,42.506275,-92.466713,mid_to_high_mi,2015 ram 2500 mid_to_high_mi,53850.0
2021-05-02T10:11:16-0500,7315751608,minneapolis / st paul,36990.0,2015,toyota,tundra crewmax sr5 pickup,good,8 cylinders,gas,48380.0,clean,other,5TFDY5F13FX484723,4wd,,pickup,mn,45.20332,-93.39728,mid_to_high_mi,2015 toyota tundra crewmax sr5 pickup mid_to_high_mi,31590.0
